City_ID,City,Country,Date,Lat,Lng,Max Temp,Humidity,Cloudiness,Wind Speed
0,Flagstaff,US,2022-11-21 20:54:01,35.1981,-111.6513,285.28,22,0,2.57
1,Salalah,OM,2022-11-21 20:57:23,17.0151,54.0924,298.15,70,76,1.55
2,Kodiak,US,2022-11-21 20:57:23,57.79,-152.4072,277.08,96,100,2.42
3,Sao Filipe,CV,2022-11-21 20:57:24,14.8961,-24.4956,298.06,64,93,4.48
4,Homer,US,2022-11-21 20:57:25,59.6425,-151.5483,278.02,90,100,2.31
5,Jerez,GT,2022-11-21 20:57:26,14.1,-89.75,297.81,64,48,3.09
6,Avarua,CK,2022-11-21 20:57:26,-21.2078,-159.775,299.18,61,20,7.72
7,Saint Anthony,US,2022-11-21 20:57:27,45.0205,-93.218,274.22,59,20,2.57
8,Yuksekova,TR,2022-11-21 20:55:21,37.5736,44.2872,280.19,37,99,1.8
9,Tres Arroyos,AR,2022-11-21 20:57:29,-38.3739,-60.2798,287.33,64,98,5.34
10,Luderitz,NA,2022-11-21 20:57:30,-26.6481,15.1594,289.74,83,4,4.76
11,Hithadhoo,MV,2022-11-21 20:57:30,-0.6,73.0833,300.19,77,50,5.03
12,Airai,TL,2022-11-21 20:57:31,-8.9266,125.4092,289.84,91,100,0.87
13,Guantanamo,CU,2022-11-21 20:57:32,20.1444,-75.2092,304.52,52,3,5.61
14,Santa Isabel Do Rio Negro,BR,2022-11-21 20:57:32,-0.4139,-65.0192,303.7,61,87,1.58
15,Nkhotakota,MW,2022-11-21 20:57:33,-12.9274,34.2961,300.69,61,25,5.01
16,Souillac,MU,2022-11-21 20:57:33,-20.5167,57.5167,295.36,88,20,2.06
17,Bredasdorp,ZA,2022-11-21 20:57:34,-34.5322,20.0403,289.71,68,100,0.81
18,Hilo,US,2022-11-21 20:57:35,19.7297,-155.09,299.32,84,84,0.45
19,Dikson,RU,2022-11-21 20:57:35,73.5069,80.5464,241.86,95,9,2.15
20,Kapaa,US,2022-11-21 20:57:36,22.0752,-159.319,299.88,71,49,4.02
21,Oranjemund,NA,2022-11-21 20:55:19,-28.55,16.4333,288.9,85,72,3.54
22,Provideniya,RU,2022-11-21 20:57:37,64.3833,-173.3,264.21,57,100,9.0
23,Saint George,US,2022-11-21 20:57:37,37.1041,-113.5841,286.72,23,50,0.89
24,Bethel,US,2022-11-21 20:55:40,41.3712,-73.414,277.4,40,6,1.34
25,Mataura,NZ,2022-11-21 20:57:38,-46.1927,168.8643,286.75,52,76,2.71
26,Zeya,RU,2022-11-21 20:57:39,53.75,127.2667,254.09,98,88,1.16
27,Qaanaaq,GL,2022-11-21 20:57:39,77.484,-69.3632,251.64,76,98,3.37
28,Castro,BR,2022-11-21 20:57:40,-24.7911,-50.0119,295.51,61,100,1.9
29,Petropavlovsk-Kamchatskiy,RU,2022-11-21 20:57:41,53.0452,158.6483,268.48,100,100,0.0
30,Oga,IT,2022-11-21 20:57:41,46.4631,10.347,274.45,82,83,2.0
31,Bambanglipuro,ID,2022-11-21 20:57:42,-7.95,110.2833,297.74,88,100,2.21
32,Butaritari,KI,2022-11-21 20:53:48,3.0707,172.7902,300.47,79,25,7.64
33,Carnarvon,AU,2022-11-21 20:57:42,-24.8667,113.6333,296.2,57,32,4.22
34,Iqaluit,CA,2022-11-21 20:57:43,63.7506,-68.5145,264.0,86,75,2.57
35,Port Hawkesbury,CA,2022-11-21 20:57:44,45.6169,-61.3485,272.69,71,100,8.75
36,Kaitangata,NZ,2022-11-21 20:57:44,-46.2817,169.8464,288.97,54,59,3.4
37,Adrar,MR,2022-11-21 20:57:45,20.5022,-10.0711,294.24,17,0,5.32
38,Fortuna,US,2022-11-21 20:57:45,40.5982,-124.1573,291.44,48,0,0.89
39,Busselton,AU,2022-11-21 20:57:46,-33.65,115.3333,285.88,72,0,5.5
40,Punta Arenas,CL,2022-11-21 20:57:46,-53.15,-70.9167,285.16,81,100,1.54
41,Aripuana,BR,2022-11-21 20:57:47,-9.1667,-60.6333,302.2,64,92,0.34
42,Baglung,NP,2022-11-21 20:57:47,28.2719,83.5898,286.38,47,0,2.8
43,Havelock,US,2022-11-21 20:57:48,34.8791,-76.9013,287.12,71,58,3.13
44,Parati,BR,2022-11-21 20:57:48,-23.2178,-44.7131,297.11,89,36,1.77
45,Kungurtug,RU,2022-11-21 20:58:51,50.5994,97.5228,257.5,98,93,0.9
46,Krasnoselkup,RU,2022-11-21 20:58:51,65.7,82.4667,244.8,94,16,4.84
47,Luganville,VU,2022-11-21 20:57:59,-15.5333,167.1667,301.39,77,48,2.76
48,Fukue,JP,2022-11-21 20:58:52,32.6881,128.8419,291.43,66,73,6.12
49,Katsuura,JP,2022-11-21 20:58:53,35.1333,140.3,288.49,89,16,4.08
50,Albany,US,2022-11-21 20:58:53,42.6001,-73.9662,275.86,42,8,0.45
51,Atuona,PF,2022-11-21 20:58:54,-9.8,-139.0333,298.68,67,10,7.42
52,Puerto Ayora,EC,2022-11-21 20:58:54,-0.7393,-90.3518,299.13,93,91,1.79
53,Dangriga,BZ,2022-11-21 20:58:55,16.9692,-88.2321,297.72,85,100,2.01
54,Vaini,TO,2022-11-21 20:58:56,-21.2,-175.2,300.24,78,20,3.09
55,Norman Wells,CA,2022-11-21 20:58:08,65.282,-126.8329,267.17,86,40,2.57
56,Malinyi,TZ,2022-11-21 20:58:56,-8.9333,36.1333,296.33,79,50,1.42
57,San Patricio,US,2022-11-21 20:58:57,28.017,-97.5169,282.08,86,100,6.0
58,Raga,SS,2022-11-21 20:58:57,8.4596,25.678,298.37,29,39,1.64
59,Balabac,PH,2022-11-21 20:58:58,7.9868,117.0645,300.33,81,100,3.49
60,Rikitea,PF,2022-11-21 20:58:59,-23.1203,-134.9692,295.33,86,81,3.98
61,Stepnyak,KZ,2022-11-21 20:58:59,52.8339,70.7803,259.74,79,20,4.3
62,Nome,US,2022-11-21 20:59:00,64.5011,-165.4064,269.91,95,100,2.33
63,Port Shepstone,ZA,2022-11-21 20:59:00,-30.7414,30.455,293.86,83,100,6.54
64,Mutoko,ZW,2022-11-21 20:59:01,-17.397,32.2268,291.44,72,1,2.19
65,Bako,ET,2022-11-21 20:59:01,5.7833,36.5667,294.31,53,94,1.62
66,Ushuaia,AR,2022-11-21 20:58:09,-54.8,-68.3,285.96,54,75,2.57
67,Ancud,CL,2022-11-21 20:59:02,-41.8697,-73.8203,286.92,57,61,3.76
68,Martapura,ID,2022-11-21 20:59:04,-3.4167,114.85,297.2,88,75,3.6
69,Nguruka,TZ,2022-11-21 20:59:06,-5.1092,31.0419,291.55,91,100,1.53
70,Linxia,CN,2022-11-21 20:59:06,35.6003,103.2064,274.07,52,0,0.74
71,Mogadishu,SO,2022-11-21 20:55:38,2.0371,45.3438,299.33,79,9,4.84
72,Saint-Georges,GD,2022-11-21 20:59:08,12.0564,-61.7485,298.97,89,40,3.09
73,Khatanga,RU,2022-11-21 20:59:08,71.9667,102.5,233.83,100,64,0.38
74,Healdsburg,US,2022-11-21 20:59:09,38.6105,-122.8692,293.4,34,67,0.51
75,Dingle,PH,2022-11-21 20:59:10,10.9995,122.6711,297.11,91,97,2.21
76,Ulladulla,AU,2022-11-21 20:59:10,-35.35,150.4667,285.62,47,0,6.78
77,Ponta Do Sol,PT,2022-11-21 20:59:11,32.6667,-17.1,292.5,77,28,0.77
78,Barrow,US,2022-11-21 20:59:11,71.2906,-156.7887,266.7,73,100,7.68
79,Pevek,RU,2022-11-21 20:59:12,69.7008,170.3133,249.88,97,100,5.57
80,Berlevag,NO,2022-11-21 20:59:13,70.8578,29.0864,277.12,75,40,3.6
81,Jamestown,US,2022-11-21 20:57:30,42.097,-79.2353,277.33,47,55,1.34
82,Los Llanos De Aridane,ES,2022-11-21 20:58:00,28.6585,-17.9182,292.01,80,75,4.12
83,Severo-Kurilsk,RU,2022-11-21 20:59:14,50.6789,156.125,278.34,84,100,8.8
84,Nikolskoye,RU,2022-11-21 20:59:15,59.7035,30.7861,266.09,92,54,2.17
85,Tuktoyaktuk,CA,2022-11-21 20:59:15,69.4541,-133.0374,264.15,92,100,1.03
86,Kashary,RU,2022-11-21 20:59:16,49.04,41.0056,284.36,90,100,0.41
87,Edirne,TR,2022-11-21 20:59:17,41.6772,26.556,284.15,78,99,2.57
88,Hermanus,ZA,2022-11-21 20:59:17,-34.4187,19.2345,291.37,72,90,2.27
89,Arraial Do Cabo,BR,2022-11-21 20:59:18,-22.9661,-42.0278,298.13,78,40,10.29
90,San Quintin,MX,2022-11-21 20:59:19,30.4833,-115.95,294.75,23,82,2.55
91,Hoopstad,ZA,2022-11-21 20:59:19,-27.8327,25.9083,297.49,30,100,4.23
92,Glinka,RU,2022-11-21 20:59:20,54.6404,32.8781,269.99,96,100,5.26
93,Anloga,GH,2022-11-21 21:00:20,5.7947,0.8973,300.38,80,80,5.21
94,Klaksvik,FO,2022-11-21 21:00:21,62.2266,-6.589,277.66,70,92,11.73
95,Eureka,US,2022-11-21 20:56:27,40.8021,-124.1637,291.59,85,44,2.24
96,Omboue,GA,2022-11-21 21:00:23,-1.5746,9.2618,297.38,90,53,2.91
97,Xiaoweizhai,CN,2022-11-21 21:00:25,26.1903,107.5125,289.88,99,99,1.04
98,San Policarpo,PH,2022-11-21 21:00:26,12.1791,125.5072,300.17,83,74,4.28
99,Ndele,CF,2022-11-21 21:00:27,8.4109,20.6473,296.87,27,49,1.67
100,Hovd,MN,2022-11-21 20:59:03,48.0056,91.6419,267.29,49,89,3.08
101,Praia,CV,2022-11-21 21:00:29,14.9215,-23.5087,297.86,70,88,7.61
102,Arman,RU,2022-11-21 21:00:30,59.7,150.1667,267.44,93,100,4.74
103,Victoria,HK,2022-11-21 20:56:42,22.2855,114.1577,297.25,87,100,4.92
104,Bandarbeyla,SO,2022-11-21 21:00:31,9.4942,50.8122,298.64,70,75,7.91
105,Mount Gambier,AU,2022-11-21 21:00:32,-37.8333,140.7667,284.82,79,100,5.75
106,Prado,BR,2022-11-21 21:00:33,-17.3411,-39.2208,295.47,94,100,2.96
107,New Norfolk,AU,2022-11-21 21:00:34,-42.7826,147.0587,282.55,74,83,2.24
108,Cape Town,ZA,2022-11-21 21:00:34,-33.9258,18.4232,292.09,63,79,2.68
109,Lompoc,US,2022-11-21 21:00:35,34.6391,-120.4579,297.05,36,100,0.89
110,Kondol,RU,2022-11-21 21:00:36,52.8189,45.058,273.3,90,98,5.0
111,Bluff,NZ,2022-11-21 21:00:36,-46.6,168.3333,286.93,64,86,2.97
112,Cedral,MX,2022-11-21 21:00:37,23.8,-100.7333,289.55,69,100,6.1
113,Saskylakh,RU,2022-11-21 21:00:38,71.9167,114.0833,237.4,100,64,2.34
114,Torbay,CA,2022-11-21 21:00:07,47.6666,-52.7314,275.14,78,98,7.6
115,Maceio,BR,2022-11-21 21:00:11,-9.6658,-35.7353,298.84,83,20,3.6
116,Yerbogachen,RU,2022-11-21 21:00:39,61.2767,108.0108,251.29,99,100,0.95
117,Balotra,IN,2022-11-21 21:00:40,25.8333,72.2333,293.01,28,2,2.45
118,Huanren,CN,2022-11-21 21:00:40,41.2647,125.3667,271.98,81,57,1.26
119,Kuzino,RU,2022-11-21 21:00:41,57.0224,59.4412,260.9,88,30,3.4
120,Nuristan,AF,2022-11-21 21:00:42,35.3,70.8333,262.92,46,0,6.34
121,Fuerte Olimpo,PY,2022-11-21 21:00:43,-21.0415,-57.8738,297.04,88,96,1.58
122,Ribeira Grande,PT,2022-11-21 21:00:44,38.5167,-28.7,293.02,94,40,8.75
123,Broken Hill,AU,2022-11-21 21:00:44,-31.95,141.4333,283.73,54,88,3.18
124,East London,ZA,2022-11-21 21:00:45,-33.0153,27.9116,293.96,80,21,2.09
125,Inyonga,TZ,2022-11-21 21:00:46,-6.7167,32.0667,291.07,92,100,0.88
126,Coahuayana,MX,2022-11-21 21:00:46,18.7333,-103.6833,303.67,58,56,2.27
127,Navoloki,RU,2022-11-21 21:00:47,57.4657,41.9634,264.31,92,48,1.57
128,Takhatpur,IN,2022-11-21 21:00:48,22.15,81.8667,288.26,50,100,2.71
129,Cochabamba,BO,2022-11-21 21:00:17,-17.3895,-66.1568,292.74,57,87,3.19
130,Shimoda,JP,2022-11-21 21:00:48,34.6667,138.95,289.53,80,51,2.26
131,Diourbel,SN,2022-11-21 21:00:50,14.6628,-16.3925,301.03,21,13,3.83
132,Ereymentau,KZ,2022-11-21 21:00:51,51.6199,73.1033,261.92,98,87,2.67
133,Nizhniy Odes,RU,2022-11-21 21:00:52,63.6445,54.856,253.19,99,95,1.63
134,Bambous Virieux,MU,2022-11-21 21:00:52,-20.3428,57.7575,296.6,75,1,3.39
135,Singaraja,ID,2022-11-21 21:00:53,-8.112,115.0882,299.29,83,89,0.09
136,Kattivakkam,IN,2022-11-21 21:00:54,13.2167,80.3167,297.2,90,100,7.64
137,Miri,MY,2022-11-21 21:00:54,4.4148,114.0089,297.63,93,81,2.12
138,Vila Franca Do Campo,PT,2022-11-21 21:00:55,37.7167,-25.4333,292.7,92,100,5.83
139,Lata,PT,2022-11-21 21:00:56,40.1629,-8.3327,284.86,79,100,3.2
140,Lebedyan,RU,2022-11-21 21:00:56,53.0194,39.1664,273.51,97,100,5.0
141,Aleksandrov Gay,RU,2022-11-21 21:01:57,50.147,48.5704,276.87,98,100,4.19
142,Richards Bay,ZA,2022-11-21 21:01:58,-28.783,32.0377,294.1,69,86,5.8
143,Randazzo,IT,2022-11-21 21:01:58,37.8774,14.9501,283.72,78,62,2.66
144,Talnakh,RU,2022-11-21 21:01:59,69.4865,88.3972,242.84,94,99,1.05
145,Harper,LR,2022-11-21 21:01:59,4.375,-7.7169,298.8,84,51,3.05
146,Upernavik,GL,2022-11-21 21:02:00,72.7868,-56.1549,259.87,96,94,3.02
147,Hobart,AU,2022-11-21 21:00:23,-42.8794,147.3294,282.74,74,40,6.69
148,Bubaque,GW,2022-11-21 21:02:01,11.2833,-15.8333,301.65,54,82,3.28
149,Guerrero Negro,MX,2022-11-21 21:02:01,27.9769,-114.0611,297.22,27,11,2.5
150,Thompson,CA,2022-11-21 21:00:42,55.7435,-97.8558,264.24,86,75,3.6
151,Shelburne,CA,2022-11-21 20:58:34,44.0787,-80.2041,274.4,72,44,9.89
152,Port Hedland,AU,2022-11-21 21:02:05,-20.3167,118.5667,296.18,60,100,6.17
153,Celestun,MX,2022-11-21 21:02:07,20.8667,-90.4,300.08,75,100,4.78
154,Port Alfred,ZA,2022-11-21 21:02:07,-33.5906,26.891,294.36,91,48,2.68
155,Nchelenge,ZM,2022-11-21 21:02:09,-9.3451,28.734,296.28,76,100,1.04
156,Kantang,TH,2022-11-21 21:02:10,7.4054,99.5156,297.58,91,99,2.6
157,Beringovskiy,RU,2022-11-21 21:02:11,63.05,179.3167,251.85,91,38,8.48
158,Port Hardy,CA,2022-11-21 21:02:12,50.6996,-127.4199,280.87,84,100,7.36
159,Belgaum,IN,2022-11-21 21:02:12,15.8667,74.5,292.3,55,99,2.24
160,Wenling,CN,2022-11-21 21:02:13,28.3669,121.36,289.93,86,49,1.35
161,Tiksi,RU,2022-11-21 21:02:14,71.6872,128.8694,242.5,100,83,1.52
162,Yellowknife,CA,2022-11-21 21:02:15,62.456,-114.3525,266.04,98,99,0.51
163,Padang,ID,2022-11-21 21:02:15,-0.9492,100.3543,297.65,85,98,1.35
164,Carauari,BR,2022-11-21 21:02:16,-4.8828,-66.8958,300.45,86,100,1.48
165,Tempio Pausania,IT,2022-11-21 21:02:17,40.8974,9.1035,283.66,97,100,5.12
166,Sakaiminato,JP,2022-11-21 21:02:18,35.55,133.2333,288.02,74,100,1.64
167,Kruisfontein,ZA,2022-11-21 21:02:20,-34.0033,24.7314,291.97,86,65,2.98
168,Perelyub,RU,2022-11-21 21:02:21,51.8667,50.3667,272.75,95,100,2.73
169,Cascais,PT,2022-11-21 21:02:21,38.6979,-9.4215,288.67,75,91,6.26
170,Kanniyakumari,IN,2022-11-21 21:02:23,8.0833,77.5667,298.5,79,10,5.39
171,Cherskiy,RU,2022-11-21 21:02:24,68.75,161.3,236.21,100,86,1.54
172,Barabai,ID,2022-11-21 21:02:24,-2.5833,115.3833,296.48,98,100,0.77
173,Humberto De Campos,BR,2022-11-21 21:02:25,-2.5983,-43.4611,299.97,72,91,3.18
174,Emerald,AU,2022-11-21 21:02:26,-23.5333,148.1667,295.01,42,80,9.42
175,Linguere,SN,2022-11-21 21:02:26,15.3953,-15.1193,302.11,16,22,4.5
176,Comodoro Rivadavia,AR,2022-11-21 21:02:27,-45.8667,-67.5,302.07,8,0,7.2
177,Birjand,IR,2022-11-21 21:02:28,32.8663,59.2211,280.61,46,0,1.69
178,Scarborough,GB,2022-11-21 21:02:28,54.2797,-0.4044,281.43,90,100,3.58
179,Nishihara,JP,2022-11-21 21:02:29,26.1842,127.7558,295.75,88,75,2.06
180,Goderich,CA,2022-11-21 21:01:48,43.7501,-81.7165,277.54,77,91,13.04
181,Mago,RU,2022-11-21 21:02:30,53.2514,140.1822,263.88,98,100,1.25
182,Jucas,BR,2022-11-21 21:02:30,-6.5253,-39.5275,304.27,28,25,2.46
183,Chimoio,MZ,2022-11-21 21:02:31,-19.1164,33.4833,293.07,94,40,1.01
184,Port Augusta,AU,2022-11-21 21:02:32,-32.5,137.7667,286.24,54,69,3.52
185,Tasiilaq,GL,2022-11-21 21:02:32,65.6145,-37.6368,276.24,89,100,5.82
186,Labuhan,ID,2022-11-21 21:03:33,-6.8844,112.2051,299.08,85,96,3.4
187,Koppa,IN,2022-11-21 21:01:08,13.5304,75.3633,289.56,69,100,1.3
188,Tessalit,ML,2022-11-21 21:03:34,20.1986,1.0114,294.33,15,98,4.87
189,Chapais,CA,2022-11-21 21:03:35,49.7834,-74.8492,266.03,94,100,4.91
190,Shiyan,CN,2022-11-21 21:00:28,32.6475,110.7781,285.1,93,100,1.48
191,Oktyabrskiy,RU,2022-11-21 21:03:36,54.4815,53.471,261.41,98,100,0.13
192,Lovozero,RU,2022-11-21 21:03:36,68.005,35.0117,270.46,88,100,2.37
193,Berbera,SO,2022-11-21 21:03:37,10.4396,45.0143,299.58,56,100,3.55
194,Udomlya,RU,2022-11-21 21:03:37,57.8794,34.9925,263.75,98,99,2.6
195,Grafton,US,2022-11-21 21:03:38,42.207,-71.6856,275.62,49,0,5.66
196,Mayor Pablo Lagerenza,PY,2022-11-21 21:03:38,-19.9309,-60.7718,303.4,45,92,5.07
197,Lorengau,PG,2022-11-21 21:01:21,-2.0226,147.2712,301.09,69,96,3.0
198,Karakol,KG,2022-11-21 21:03:39,42.4907,78.3936,273.3,74,100,0.93
199,Georgetown,MY,2022-11-21 21:03:40,5.4112,100.3354,300.5,88,20,0.0
200,Victoria Point,AU,2022-11-21 21:03:40,-27.5833,153.3,295.46,56,99,0.89
201,Thinadhoo,MV,2022-11-21 21:03:41,0.5333,72.9333,300.23,76,63,6.15
202,Manokwari,ID,2022-11-21 21:03:41,-0.8667,134.0833,298.71,82,100,1.92
203,Quatre Cocos,MU,2022-11-21 21:03:42,-20.2078,57.7625,296.53,75,3,2.98
204,Kjollefjord,NO,2022-11-21 21:03:42,70.9457,27.3465,275.05,93,75,1.54
205,Tepelene,AL,2022-11-21 21:03:43,40.2958,20.0192,281.98,86,3,1.19
206,Vaitape,PF,2022-11-21 21:03:44,-16.5167,-151.75,299.17,77,83,7.82
207,Portland,US,2022-11-21 21:01:50,45.5234,-122.6762,284.04,47,100,1.54
208,Coquimbo,CL,2022-11-21 21:03:44,-29.9533,-71.3436,289.0,77,40,4.63
209,Faanui,PF,2022-11-21 21:03:45,-16.4833,-151.75,299.18,77,81,7.83
210,Poum,NC,2022-11-21 21:03:46,-20.2333,164.0167,300.22,81,13,6.18
211,Shuyskoye,RU,2022-11-21 21:03:46,59.3736,41.0305,262.49,94,16,0.96
212,Sangar,RU,2022-11-21 21:03:47,63.9242,127.4739,239.25,100,100,0.57
213,Lebu,CL,2022-11-21 21:02:51,-37.6167,-73.65,288.14,64,0,9.01
214,Jumla,NP,2022-11-21 21:03:47,29.2747,82.1838,279.22,35,4,2.3
215,Tura,IN,2022-11-21 21:03:48,25.5198,90.2201,288.47,88,63,1.8
216,Half Moon Bay,US,2022-11-21 21:00:43,37.4636,-122.4286,292.86,36,0,3.6
217,Churapcha,RU,2022-11-21 21:03:49,62.0025,132.4325,240.98,100,100,1.4
218,Uarini,BR,2022-11-21 21:03:50,-2.99,-65.1083,301.97,68,100,1.27
219,Saint-Philippe,RE,2022-11-21 21:03:51,-21.3585,55.7679,295.92,80,7,1.45
220,Okhotsk,RU,2022-11-21 21:03:51,59.3833,143.3,264.99,75,100,6.68
221,Lamu,KE,2022-11-21 21:03:52,-2.2717,40.902,298.79,89,91,3.85
222,Aykhal,RU,2022-11-21 21:03:53,66.0,111.5,244.63,100,98,2.22
223,Taltal,CL,2022-11-21 21:01:32,-25.4,-70.4833,291.46,71,23,1.78
224,Marsabit,KE,2022-11-21 21:03:54,2.3284,37.9899,293.37,71,64,5.96
225,Bengkulu,ID,2022-11-21 21:03:54,-3.8004,102.2655,296.49,89,83,2.23
226,Marsa Matruh,EG,2022-11-21 21:03:55,31.3525,27.2453,292.62,66,1,4.42
227,Port-De-Bouc,FR,2022-11-21 21:03:55,43.4,4.9833,283.57,100,100,6.17
228,Nadym,RU,2022-11-21 21:03:56,65.5333,72.5167,251.69,93,99,8.46
229,Cheney,US,2022-11-21 21:03:08,47.4874,-117.5758,276.45,55,20,2.06
230,Hasaki,JP,2022-11-21 21:03:57,35.7333,140.8333,283.37,86,9,3.48
231,Husavik,IS,2022-11-21 21:03:57,66.0449,-17.3389,277.67,77,93,5.62
232,Hervey Bay,AU,2022-11-21 21:04:58,-25.2986,152.8535,295.52,43,95,6.59
233,Jiuquan,CN,2022-11-21 21:04:59,39.7432,98.5174,274.3,43,74,1.17
234,Tyrma,RU,2022-11-21 21:04:59,50.0833,132.1667,254.23,99,76,1.05
235,Sitka,US,2022-11-21 21:05:00,57.0531,-135.33,281.09,87,100,3.09
236,Kralendijk,BQ,2022-11-21 21:05:00,12.15,-68.2667,300.7,75,12,6.5
237,Narsaq,GL,2022-11-21 21:03:09,60.9167,-46.05,268.27,87,17,2.54
238,Mahebourg,MU,2022-11-21 21:05:01,-20.4081,57.7,296.62,75,1,3.49
239,Opuwo,NA,2022-11-21 21:05:02,-18.0607,13.84,295.99,51,74,1.56
240,Nata,PA,2022-11-21 21:05:03,8.3333,-80.5167,301.08,87,100,1.01
241,Eyl,SO,2022-11-21 21:05:04,7.9803,49.8164,298.09,67,86,7.77
242,Ust-Omchug,RU,2022-11-21 21:05:06,61.15,149.6333,256.87,97,100,3.06
243,Maturin,VE,2022-11-21 21:05:07,9.75,-63.1767,298.38,85,23,3.37
244,Abu Zabad,SD,2022-11-21 21:05:08,12.35,29.25,297.31,31,0,4.09
245,Kushiro,JP,2022-11-21 21:04:19,42.975,144.3747,281.76,81,7,6.44
246,Fort Frances,CA,2022-11-21 21:00:47,48.5999,-93.4003,269.91,67,40,2.06
247,Mehamn,NO,2022-11-21 21:03:13,71.0357,27.8492,277.1,93,75,1.54
248,Bairiki,KI,2022-11-21 21:05:10,1.3292,172.9752,302.15,74,20,6.17
249,Tezu,IN,2022-11-21 21:05:10,27.9167,96.1667,289.38,45,0,1.83
250,Fort Nelson,CA,2022-11-21 21:05:12,58.8053,-122.7002,272.56,67,22,0.89
251,Tiarei,PF,2022-11-21 21:05:12,-17.5333,-149.3333,301.16,80,22,6.56
252,Maneadero,MX,2022-11-21 21:05:13,31.7167,-116.5667,294.87,38,95,2.24
253,Brooks,CA,2022-11-21 21:05:14,50.5834,-111.8851,272.06,74,5,2.38
254,Barra Patuca,HN,2022-11-21 21:05:15,15.8,-84.2833,299.87,83,100,4.31
255,Roma,US,2022-11-21 21:03:49,43.2128,-75.4557,278.05,46,0,3.6
256,Waingapu,ID,2022-11-21 21:05:16,-9.6567,120.2641,299.58,83,96,0.66
257,Longyearbyen,SJ,2022-11-21 21:01:36,78.2186,15.6401,276.06,81,75,5.14
258,Naryan-Mar,RU,2022-11-21 21:05:17,67.6713,53.087,261.93,86,100,3.55
259,Talara,PE,2022-11-21 21:05:18,-4.5772,-81.2719,296.57,64,0,6.69
260,Byron Bay,AU,2022-11-21 21:05:18,-28.65,153.6167,294.66,42,100,5.62
261,Nampula,MZ,2022-11-21 21:00:22,-15.1165,39.2666,296.0,78,0,2.0
262,Mar Del Plata,AR,2022-11-21 21:00:29,-38.0023,-57.5575,288.76,89,100,8.49
263,Peleduy,RU,2022-11-21 21:05:20,59.6289,112.7406,256.98,97,100,2.12
264,Bela Cruz,BR,2022-11-21 21:05:21,-3.0506,-40.1678,299.83,72,93,6.28
265,Codrington,AU,2022-11-21 21:05:22,-38.2667,141.9667,284.45,86,100,8.52
266,Vanimo,PG,2022-11-21 21:05:23,-2.6741,141.3028,299.19,85,100,0.63
267,Hamilton,US,2022-11-21 21:05:23,39.1834,-84.5333,283.01,25,0,6.17
268,Montepuez,MZ,2022-11-21 21:05:24,-13.1256,38.9997,295.38,78,47,3.29
269,Rovnoye,RU,2022-11-21 21:05:25,50.7765,46.0509,275.87,98,100,4.17
270,Port Lincoln,AU,2022-11-21 21:02:25,-34.7333,135.8667,286.28,66,33,4.88
271,High Prairie,CA,2022-11-21 21:00:51,55.4334,-116.4858,276.35,80,73,3.67
272,Osinki,RU,2022-11-21 21:05:26,52.8432,49.5132,271.11,97,99,2.65
273,Holalkere,IN,2022-11-21 21:05:27,14.0333,76.1833,293.25,68,100,2.52
274,Saint-Joseph,RE,2022-11-21 21:05:28,-21.3667,55.6167,295.36,77,3,0.28
275,Saldanha,ZA,2022-11-21 21:05:28,-33.0117,17.9442,290.09,77,94,5.87
276,Chuy,UY,2022-11-21 21:05:29,-33.6971,-53.4616,292.53,96,100,3.67
277,Humboldt,US,2022-11-21 21:05:30,40.6665,-123.9178,286.55,28,52,1.77
278,Talakan,RU,2022-11-21 21:05:31,50.3167,130.3667,256.17,99,100,0.54
279,Meulaboh,ID,2022-11-21 21:06:31,4.1363,96.1285,297.39,90,99,1.69
280,Camacha,PT,2022-11-21 21:06:33,33.0833,-16.3333,290.83,77,40,4.12
281,Pooler,US,2022-11-21 21:06:33,32.1155,-81.2471,288.19,65,100,4.63
282,Lundazi,ZM,2022-11-21 21:06:34,-12.2929,33.1782,296.58,47,5,4.34
283,Kieta,PG,2022-11-21 21:06:34,-6.2167,155.6333,300.95,70,11,1.19
284,Lat Yao,TH,2022-11-21 21:06:35,15.751,99.7893,297.04,87,7,1.24
285,Mayo,US,2022-11-21 21:06:35,38.8876,-76.5119,282.93,54,0,6.17
286,Xinyang,CN,2022-11-21 21:06:36,32.1228,114.0656,284.75,93,100,5.1
287,Carutapera,BR,2022-11-21 21:06:37,-1.195,-46.02,299.65,75,55,3.19
288,Svetlaya,RU,2022-11-21 21:06:37,46.5389,138.3297,268.91,54,0,3.89
289,Walvis Bay,NA,2022-11-21 21:06:38,-22.9575,14.5053,290.42,79,22,4.87
290,Jinsha,CN,2022-11-21 21:06:38,32.0898,121.0735,288.7,96,100,1.95
291,Derzhavinsk,KZ,2022-11-21 21:06:39,51.1,66.3167,261.09,98,74,2.03
292,Masindi,UG,2022-11-21 21:06:39,1.6744,31.715,291.92,93,98,0.55
293,Geraldton,AU,2022-11-21 21:06:31,-28.7667,114.6,296.38,21,70,3.09
294,La Ronge,CA,2022-11-21 21:06:40,55.1001,-105.2842,270.76,93,100,4.18
295,Bilma,NE,2022-11-21 21:06:41,18.6853,12.9164,294.44,16,53,4.9
296,Kupang,ID,2022-11-21 21:06:41,-10.1667,123.5833,298.99,82,79,1.55
297,Lavrentiya,RU,2022-11-21 21:06:42,65.5833,-171.0,261.94,74,100,8.43
298,Kavieng,PG,2022-11-21 21:06:43,-2.5744,150.7967,301.46,75,40,4.78
299,Louis Trichardt,ZA,2022-11-21 21:06:43,-23.0439,29.9032,292.05,62,71,0.41
300,Tarakan,ID,2022-11-21 21:06:44,3.3,117.6333,298.88,88,99,1.57
301,Qinhuangdao,CN,2022-11-21 21:06:44,39.9317,119.5883,278.23,40,100,2.42
302,Launceston,AU,2022-11-21 21:06:45,-41.45,147.1667,283.6,73,100,8.75
303,Shakawe,BW,2022-11-21 21:06:46,-18.3667,21.85,301.77,24,100,2.32
304,Vila Do Maio,CV,2022-11-21 21:06:46,15.1333,-23.2167,297.59,67,83,8.8
305,Kamenka,RU,2022-11-21 21:06:47,51.3223,42.7678,274.5,99,100,4.13
306,Dunedin,NZ,2022-11-21 21:06:47,-45.8742,170.5036,288.6,80,68,0.89
307,Sumbe,AO,2022-11-21 21:06:48,-11.2061,13.8437,298.18,87,99,3.17
308,Naron,ES,2022-11-21 21:06:48,43.5167,-8.1528,286.26,71,59,8.04
309,Asau,RO,2022-11-21 21:06:50,46.4333,26.4,273.86,99,100,1.43
310,Mufulira,ZM,2022-11-21 21:06:51,-12.5498,28.2407,294.35,59,78,1.49
311,Sinop,TR,2022-11-21 21:06:51,41.7711,34.8709,287.68,53,100,4.26
312,Port Elizabeth,ZA,2022-11-21 21:06:52,-33.918,25.5701,293.2,87,98,2.68
313,Ternovka,RU,2022-11-21 21:06:52,51.678,41.6375,274.02,100,100,3.41
314,Kathmandu,NP,2022-11-21 21:06:53,27.7167,85.3167,283.27,87,20,1.54
315,Fairbanks,US,2022-11-21 21:04:01,64.8378,-147.7164,266.82,89,75,0.0
316,Coralville,US,2022-11-21 21:06:54,41.6764,-91.5805,282.28,40,0,4.12
317,Chokurdakh,RU,2022-11-21 21:06:54,70.6333,147.9167,241.25,100,100,0.69
318,Urengoy,RU,2022-11-21 21:06:55,65.9667,78.3667,246.35,94,34,5.43
319,Waipawa,NZ,2022-11-21 21:06:55,-41.4122,175.5153,290.1,59,0,6.33
320,Kula,TR,2022-11-21 21:06:56,38.5473,28.6498,285.03,78,100,5.48
321,Hofn,IS,2022-11-21 21:03:15,64.2539,-15.2082,280.18,84,96,4.85
322,Hambantota,LK,2022-11-21 21:04:30,6.1241,81.1185,298.37,75,64,3.64
323,Vangaindrano,MG,2022-11-21 21:06:57,-23.35,47.6,294.34,72,68,2.42
324,Tsagan Aman,RU,2022-11-21 21:07:57,47.5639,46.7218,284.74,83,100,2.83
325,Sangueya,GN,2022-11-21 21:07:58,10.7,-14.3667,297.86,60,64,0.92
326,Tateyama,JP,2022-11-21 21:07:59,34.9833,139.8667,289.1,85,7,3.93
327,Merida,MX,2022-11-21 21:04:40,20.9667,-89.6167,303.16,66,75,3.6
328,Kurumkan,RU,2022-11-21 21:07:59,54.3,110.3,257.87,97,92,1.43
329,Moorslede,BE,2022-11-21 21:08:00,50.874,3.0759,280.86,91,87,5.24
330,Saint-Pierre,RE,2022-11-21 21:08:01,-21.3393,55.4781,295.97,73,0,1.54
331,Chara,RU,2022-11-21 21:08:01,56.9064,118.2631,252.88,83,100,0.57
332,Pisco,PE,2022-11-21 21:08:03,-13.7,-76.2167,295.18,73,0,6.69
333,Lakhipur,IN,2022-11-21 21:08:04,26.0299,90.3041,289.51,82,19,1.79
334,Lufkin,US,2022-11-21 21:08:05,31.3382,-94.7291,282.22,81,75,2.06
335,Tiznit,MA,2022-11-21 21:08:06,29.5833,-9.5,290.51,49,36,0.44
336,Dzhubga,RU,2022-11-21 21:08:07,44.3211,38.7039,289.31,72,93,4.13
337,Illapel,CL,2022-11-21 21:06:12,-31.6308,-71.1653,299.89,28,5,3.57
338,Sault Sainte Marie,CA,2022-11-21 21:07:46,46.5168,-84.3333,274.31,64,100,4.63
339,Suoyarvi,RU,2022-11-21 21:08:08,62.0833,32.35,264.93,98,93,0.91
340,Biu,NG,2022-11-21 21:08:09,10.6129,12.1946,294.76,27,67,3.1
341,Kyra,RU,2022-11-21 21:08:10,49.5776,111.9753,256.36,93,81,1.86
342,Genhe,CN,2022-11-21 21:05:23,50.7833,121.5167,244.97,100,14,0.41
343,Abu Dhabi,AE,2022-11-21 21:06:02,24.4667,54.3667,299.16,68,0,1.54
344,Kaabong,UG,2022-11-21 21:08:11,3.4836,34.1492,294.37,49,58,5.62
345,Gari,RU,2022-11-21 21:08:13,59.4307,62.3497,264.01,94,53,3.89
346,Saint-Augustin,CA,2022-11-21 21:08:13,51.226,-58.6502,266.71,74,100,6.91
347,Shingu,JP,2022-11-21 21:08:14,33.7333,135.9833,285.46,81,15,2.49
348,Puerto Escondido,MX,2022-11-21 21:08:15,15.85,-97.0667,303.61,62,40,2.57
349,Dongsheng,CN,2022-11-21 21:08:16,39.8161,109.9776,272.56,48,92,3.39
350,Lithgow,AU,2022-11-21 21:08:16,-33.4833,150.15,277.62,66,51,6.74
351,Rocha,UY,2022-11-21 21:08:17,-34.4833,-54.3333,291.78,98,100,2.98
352,Santander,ES,2022-11-21 21:07:08,43.4647,-3.8044,282.29,78,75,10.29
353,Hanna,CA,2022-11-21 21:08:18,51.6334,-111.9018,271.39,83,8,2.8
354,Cockburn Town,TC,2022-11-21 21:08:19,21.4612,-71.1419,300.47,77,0,10.08
355,Robertsport,LR,2022-11-21 21:08:19,6.7533,-11.3686,300.17,80,84,3.47
356,Hay River,CA,2022-11-21 21:05:26,60.8156,-115.7999,270.29,92,19,2.44
357,Alofi,NU,2022-11-21 21:08:21,-19.0595,-169.9187,300.09,69,75,5.14
358,Olinda,BR,2022-11-21 21:08:21,-8.0089,-34.8553,301.0,61,40,3.09
359,Kudahuvadhoo,MV,2022-11-21 21:08:22,2.6708,72.8944,300.33,77,92,6.62
360,North Bend,US,2022-11-21 21:08:23,43.4065,-124.2243,287.1,29,0,1.54
361,Atbasar,KZ,2022-11-21 21:08:23,51.8,68.3333,259.17,97,53,2.21
362,Bolu,TR,2022-11-21 21:08:24,40.6667,31.5833,285.89,62,100,3.45
363,Saint-Leu,RE,2022-11-21 21:08:25,-21.15,55.2833,295.63,79,1,3.42
364,Verkhoyansk,RU,2022-11-21 21:08:26,67.5447,133.385,235.66,100,51,0.97
365,Gat,IL,2022-11-21 21:08:27,31.61,34.7642,294.48,50,71,1.38
366,Viedma,AR,2022-11-21 21:08:27,-40.8135,-62.9967,291.54,27,0,6.59
367,Trinidad,BO,2022-11-21 21:08:28,-14.8333,-64.9,303.76,60,75,0.51
368,Montrose,US,2022-11-21 21:04:01,38.4166,-108.2673,276.18,21,21,0.65
369,Pimentel,PE,2022-11-21 21:08:29,-6.8367,-79.9342,295.31,64,0,8.23
370,Urumqi,CN,2022-11-21 21:09:29,43.801,87.6005,270.68,93,0,2.0
371,Rio Cuarto,AR,2022-11-21 21:09:30,-33.1307,-64.3499,294.02,30,20,9.26
372,Norwich,GB,2022-11-21 21:09:30,52.6278,1.2983,282.25,95,100,7.2
373,Wuchi,CN,2022-11-21 21:09:31,29.3786,103.023,279.63,93,98,0.17
374,Te Anau,NZ,2022-11-21 21:09:31,-45.4167,167.7167,282.79,97,96,2.28
375,Traralgon,AU,2022-11-21 21:09:32,-38.1833,146.5333,281.08,99,100,3.32
376,Kampong Thum,KH,2022-11-21 21:07:21,12.7111,104.8887,296.48,92,100,1.05
377,Guspini,IT,2022-11-21 21:09:33,39.5406,8.6294,290.36,85,100,10.78
378,Ostrovnoy,RU,2022-11-21 21:09:33,68.0531,39.5131,272.46,89,99,3.26
379,Imbituba,BR,2022-11-21 21:09:34,-28.24,-48.6703,296.76,78,100,7.53
380,Buraydah,SA,2022-11-21 21:09:34,26.326,43.975,289.42,32,0,3.22
381,Kavaratti,IN,2022-11-21 21:09:35,10.5669,72.642,300.35,49,1,2.53
382,Ewa Beach,US,2022-11-21 21:09:36,21.3156,-158.0072,302.12,45,20,10.8
383,San Cristobal,VE,2022-11-21 21:09:36,7.7669,-72.225,295.25,88,95,0.94
384,Vao,NC,2022-11-21 21:09:37,-22.6667,167.4833,297.95,82,38,4.86
385,Waiouru,NZ,2022-11-21 21:09:37,-39.4833,175.6667,288.95,33,2,3.45
386,Katherine,AU,2022-11-21 21:09:38,-14.4667,132.2667,298.33,83,100,4.12
387,Vilyuysk,RU,2022-11-21 21:09:38,63.7553,121.6247,245.35,99,100,1.07
388,Yanam,IN,2022-11-21 21:09:39,16.7333,82.2167,297.71,79,98,3.53
389,Columbus,US,2022-11-21 21:05:08,39.9612,-82.9988,282.03,28,20,8.75
390,Bonfim,BR,2022-11-21 21:09:40,3.0833,-59.95,302.95,59,51,3.63
391,Sassandra,CI,2022-11-21 21:09:41,4.95,-6.0833,298.28,87,32,3.08
392,Cabedelo,BR,2022-11-21 21:09:41,-6.9811,-34.8339,299.52,73,73,6.39
393,Druzhnaya Gorka,RU,2022-11-21 21:09:42,59.2761,30.1425,265.79,96,75,2.44
394,Broome,US,2022-11-21 21:09:42,42.2506,-75.833,276.87,44,0,5.36
395,Parana,AR,2022-11-21 21:09:43,-31.732,-60.5238,297.35,58,65,4.81
396,Revelstoke,CA,2022-11-21 21:09:43,50.9832,-118.2023,276.21,71,98,1.1
397,Grindavik,IS,2022-11-21 21:09:44,63.8424,-22.4338,279.41,87,40,9.26
398,Leningradskiy,RU,2022-11-21 21:09:45,69.3833,178.4167,248.9,87,100,5.62
399,Saquarema,BR,2022-11-21 21:09:45,-22.92,-42.5103,298.17,83,25,8.35
400,Zyryanskoye,RU,2022-11-21 21:09:46,56.8306,86.6258,260.01,89,100,4.89
401,Panama City,PA,2022-11-21 21:09:46,8.9936,-79.5197,302.13,80,75,2.06
402,Snyder,US,2022-11-21 21:09:47,32.7179,-100.9176,288.76,50,0,3.09
403,Sabang,ID,2022-11-21 21:09:48,5.8933,95.3214,300.38,79,100,7.16
404,Beisfjord,NO,2022-11-21 21:09:49,68.3751,17.5988,263.18,59,0,3.6
405,Chernivtsi,UA,2022-11-21 21:09:50,48.2915,25.9403,276.25,100,100,2.17
406,Clyde River,CA,2022-11-21 21:09:51,70.4692,-68.5914,249.63,74,99,2.39
407,Merauke,ID,2022-11-21 21:09:51,-8.4667,140.3333,298.72,91,58,3.36
408,Drayton Valley,CA,2022-11-21 21:09:52,53.2168,-114.9854,275.66,96,84,1.47
409,Aksu,CN,2022-11-21 21:09:52,41.1231,80.2644,276.78,33,100,1.06
410,Nabire,ID,2022-11-21 21:09:53,-3.3667,135.4833,297.2,90,99,1.68
411,Idrinskoye,RU,2022-11-21 21:09:53,54.3708,92.1358,256.19,93,68,1.72
412,Kidal,ML,2022-11-21 21:09:54,18.4411,1.4078,298.32,12,100,3.72
413,San Ramon,US,2022-11-21 21:06:05,37.7799,-121.978,291.44,34,0,5.14
414,Ahipara,NZ,2022-11-21 21:09:55,-35.1667,173.1667,291.68,97,99,5.8
415,Severobaykalsk,RU,2022-11-21 21:10:55,55.65,109.3167,259.4,76,100,3.34
416,Jian,CN,2022-11-21 21:10:56,27.1172,114.9793,292.02,92,97,2.45
417,Methven,NZ,2022-11-21 21:10:57,-43.6333,171.65,289.21,66,10,6.01
418,Brownsville,US,2022-11-21 21:10:57,25.9018,-97.4975,283.14,94,100,7.72
419,Chifeng,CN,2022-11-21 21:10:58,42.2683,118.9636,273.31,46,99,1.7
420,Tabou,CI,2022-11-21 21:10:58,4.423,-7.3528,298.81,84,39,3.12
421,Rize,TR,2022-11-21 21:10:59,40.9044,40.8949,280.36,41,100,4.54
422,Deputatskiy,RU,2022-11-21 21:11:00,69.3,139.9,239.67,100,53,0.8
423,Taiyuan,CN,2022-11-21 21:11:01,37.8694,112.5603,278.07,65,100,1.0
424,Russellville,US,2022-11-21 21:07:09,35.2784,-93.1338,287.69,36,0,0.0
425,Maanshan,CN,2022-11-21 21:11:02,31.6957,118.4983,288.43,83,100,1.12
426,Batagay-Alyta,RU,2022-11-21 21:11:02,67.8006,130.4114,240.75,93,24,1.89
427,Salme,NP,2022-11-21 21:11:04,28.0369,85.0942,280.31,34,0,3.06
428,Mnogovershinnyy,RU,2022-11-21 21:11:05,53.9353,139.9242,260.85,95,83,2.86
429,Cabatuan,PH,2022-11-21 21:11:07,10.8794,122.486,296.86,90,90,2.75
430,Port Blair,IN,2022-11-21 21:11:08,11.6667,92.75,299.16,83,50,2.38
431,Constitucion,CL,2022-11-21 21:11:08,-35.3333,-72.4167,293.03,51,1,7.97
432,Srednekolymsk,RU,2022-11-21 21:11:09,67.45,153.6833,236.54,99,96,2.76
433,Praia Da Vitoria,PT,2022-11-21 21:07:16,38.7333,-27.0667,291.9,97,100,7.79
434,Tulun,RU,2022-11-21 21:11:10,54.5611,100.5792,256.83,97,89,1.51
435,Mpulungu,ZM,2022-11-21 21:11:11,-8.7623,31.1141,297.3,70,78,1.14
436,Koslan,RU,2022-11-21 21:11:12,63.4564,48.8989,264.31,98,95,0.7
437,Hualmay,PE,2022-11-21 21:11:13,-11.0964,-77.6139,293.64,75,21,3.84
438,Melville,US,2022-11-21 21:11:15,40.7934,-73.4151,278.58,44,0,5.66
439,Aldan,RU,2022-11-21 21:11:16,58.6031,125.3894,246.59,96,98,1.88
440,Riyadh,SA,2022-11-21 21:07:06,24.6877,46.7219,289.23,30,0,2.14
441,Sinnamary,GF,2022-11-21 21:11:17,5.3833,-52.95,300.56,80,21,6.08
442,Lincoln,US,2022-11-21 21:06:53,40.8,-96.667,287.2,25,0,0.89
443,Valdemarpils,LV,2022-11-21 21:11:18,57.3707,22.5919,270.82,81,99,3.8
444,Aranos,NA,2022-11-21 21:11:19,-24.1333,19.1167,292.15,61,96,9.96
445,Santa Isabel,BR,2022-11-21 21:11:21,-23.3156,-46.2214,299.76,74,93,1.89
446,Wagar,SD,2022-11-21 21:11:21,16.1525,36.2032,299.34,53,67,6.25
447,Beaverlodge,CA,2022-11-21 21:10:21,55.2166,-119.4361,276.79,83,93,4.32
448,Flinders,AU,2022-11-21 21:11:23,-34.5833,150.8552,287.07,54,2,4.92
449,Namatanai,PG,2022-11-21 21:11:23,-3.6667,152.4333,300.77,75,18,3.12
450,Mecca,SA,2022-11-21 21:10:25,21.4267,39.8261,299.83,62,6,1.19
451,Mount Isa,AU,2022-11-21 21:09:53,-20.7333,139.5,297.02,22,100,5.14
452,Pareora,NZ,2022-11-21 21:11:25,-44.4871,171.2132,292.69,38,32,5.42
453,Lasa,IT,2022-11-21 21:11:27,46.6166,10.7002,273.72,83,72,1.62
454,Bulgan,MN,2022-11-21 21:11:27,48.8125,103.5347,263.99,84,82,1.98
455,Caxito,AO,2022-11-21 21:11:28,-8.5785,13.6643,297.04,82,22,1.55
456,Karratha,AU,2022-11-21 21:11:29,-20.7377,116.8463,297.33,56,72,9.72
457,Korla,CN,2022-11-21 21:11:29,41.7597,86.1469,274.89,41,56,2.28
458,Pauini,BR,2022-11-21 21:11:30,-7.7136,-66.9764,303.72,59,100,1.54
459,Taoudenni,ML,2022-11-21 21:11:31,22.6783,-3.9836,294.16,24,0,6.47
460,Champasak,LA,2022-11-21 21:12:31,14.75,106.0,294.0,98,89,0.75
461,Humaita,BR,2022-11-21 21:12:32,-7.5061,-63.0208,305.54,51,99,0.22
462,Torata,PE,2022-11-21 21:12:32,-17.0769,-70.8433,290.79,43,96,3.92
463,Port Macquarie,AU,2022-11-21 21:12:33,-31.4333,152.9167,291.98,41,2,5.46
464,Gunjur,GM,2022-11-21 21:12:33,13.2019,-16.7339,300.27,66,26,4.06
465,Cidreira,BR,2022-11-21 21:12:34,-30.1811,-50.2056,295.26,88,100,3.37
466,Bathsheba,BB,2022-11-21 21:12:35,13.2167,-59.5167,299.77,78,20,9.21
467,Moindou,NC,2022-11-21 21:12:35,-21.6924,165.677,300.46,69,5,1.51
468,Kunyang,CN,2022-11-21 21:12:36,27.6658,120.5658,288.92,88,53,1.18
469,Toktogul,KG,2022-11-21 21:12:36,41.8708,72.9402,276.92,95,95,0.74
470,Bilibino,RU,2022-11-21 21:12:37,68.0546,166.4372,238.55,99,92,1.63
471,Fillan,NO,2022-11-21 21:12:37,63.6064,8.9696,272.84,57,67,8.16
472,Hirara,JP,2022-11-21 21:12:38,24.8,125.2833,297.99,67,91,3.39
473,Ocala,US,2022-11-21 21:10:54,29.1872,-82.1401,297.59,69,40,3.09
474,Toora-Khem,RU,2022-11-21 21:12:39,52.4675,96.11,251.72,99,90,0.59
475,Pak Phanang,TH,2022-11-21 21:09:14,8.3511,100.202,298.16,87,100,1.56
476,Baruun-Urt,MN,2022-11-21 21:12:40,46.6806,113.2792,264.91,73,85,2.75
477,Ilo,PE,2022-11-21 21:12:40,-17.6394,-71.3375,296.63,64,0,4.63
478,Miles City,US,2022-11-21 21:12:41,46.4083,-105.8406,275.69,55,0,0.0
479,Isangel,VU,2022-11-21 21:12:41,-19.55,169.2667,301.2,73,9,3.21
480,Ayagoz,KZ,2022-11-21 21:12:42,47.9714,80.4392,272.3,98,100,7.12
481,Maniitsoq,GL,2022-11-21 21:12:43,65.4167,-52.9,265.99,78,100,1.73
482,Lodja,CD,2022-11-21 21:12:44,-3.4833,23.4333,293.45,99,100,1.44
483,Tongchuan,CN,2022-11-21 21:12:44,35.0806,109.0897,279.91,82,96,1.2
484,Belyy Yar,RU,2022-11-21 21:12:45,53.6039,91.3903,261.09,76,79,2.0
485,Sharjah,AE,2022-11-21 21:12:45,25.3573,55.4033,300.14,64,0,2.06
486,Bafq,IR,2022-11-21 21:12:46,31.6128,55.4107,285.96,34,0,0.96
487,Azua,DO,2022-11-21 21:12:46,18.4532,-70.7349,303.59,60,7,2.4
488,Yelan-Kolenovskiy,RU,2022-11-21 21:12:47,51.1632,41.151,274.32,100,100,3.41
489,Turukhansk,RU,2022-11-21 21:12:48,65.8167,87.9833,244.71,99,96,2.56
490,Chase,CA,2022-11-21 21:12:48,50.8165,-119.6857,274.86,81,66,1.36
491,Arlit,NE,2022-11-21 21:12:50,18.7369,7.3853,297.46,12,100,3.33
492,Nanortalik,GL,2022-11-21 21:12:50,60.1432,-45.2371,269.05,82,44,4.43
493,Acarau,BR,2022-11-21 21:12:51,-2.8856,-40.12,299.92,77,97,8.13
494,Cartersville,US,2022-11-21 21:12:00,34.1651,-84.7999,287.68,28,0,0.0
495,Shieli,KZ,2022-11-21 21:12:52,44.1667,66.75,279.25,86,100,3.64
496,Faya,SA,2022-11-21 21:12:53,18.3851,42.4509,285.44,57,18,1.6
497,Qaqortoq,GL,2022-11-21 21:12:53,60.7167,-46.0333,263.7,90,21,2.77
498,Ende,ID,2022-11-21 21:12:54,-8.8432,121.6623,298.68,85,82,1.98
499,Isla Del Bosque,MX,2022-11-21 21:12:54,22.7333,-105.85,300.07,57,14,4.13
500,Nantucket,US,2022-11-21 21:10:15,41.2835,-70.0995,278.23,70,77,10.9
501,Isoka,ZM,2022-11-21 21:12:55,-10.1606,32.6335,295.4,52,51,2.26
502,Khor,RU,2022-11-21 21:12:56,47.8861,134.9464,264.22,71,5,5.42
503,Arkhangelskaya,RU,2022-11-21 21:12:56,45.6796,40.2754,288.38,57,99,4.05
504,Monitos,CO,2022-11-21 21:12:57,8.25,-76.05,300.55,86,98,2.52
505,Matagami,CA,2022-11-21 21:13:57,49.7502,-77.6328,268.21,86,100,5.66
506,Podujevo,XK,2022-11-21 21:13:58,42.9106,21.1931,277.57,92,100,0.58
507,Wencheng,CN,2022-11-21 21:13:58,33.0559,113.7978,283.55,93,100,4.88
508,Sorland,NO,2022-11-21 21:13:59,67.667,12.6934,278.07,67,5,3.68
509,Chihuahua,MX,2022-11-21 21:12:28,28.5,-106.0,284.93,46,40,1.91
510,Tukrah,LY,2022-11-21 21:14:00,32.5341,20.5791,292.27,58,57,6.39
511,Maragogi,BR,2022-11-21 21:13:02,-9.0122,-35.2225,298.22,75,70,3.63
512,Iskateley,RU,2022-11-21 21:14:01,67.6803,53.1512,261.69,86,100,3.5
513,Dzilam Gonzalez,MX,2022-11-21 21:14:02,21.2833,-88.9333,300.22,73,100,2.44
514,Salou,ES,2022-11-21 21:14:04,41.0766,1.1416,287.57,65,20,10.29
515,Kumluca,TR,2022-11-21 21:14:06,36.3703,30.2869,290.59,76,88,1.15
516,Keighley,GB,2022-11-21 21:14:07,53.8679,-1.9066,279.89,95,75,4.12
517,Vestmannaeyjar,IS,2022-11-21 21:14:07,63.4427,-20.2734,280.34,90,89,13.19
518,Awjilah,LY,2022-11-21 21:14:08,29.1081,21.2869,289.51,73,0,4.55
519,Samarai,PG,2022-11-21 21:14:08,-10.6167,150.6667,300.74,77,97,2.57
520,Jawhar,SO,2022-11-21 21:14:09,2.7809,45.5005,296.54,86,12,3.6
521,Yulara,AU,2022-11-21 21:14:10,-25.2406,130.9889,293.85,26,100,6.82
522,Nouadhibou,MR,2022-11-21 21:10:56,20.931,-17.0347,295.42,57,0,7.32
523,Contamana,PE,2022-11-21 21:14:11,-7.3333,-75.0167,309.62,34,52,3.13
524,Birin,NP,2022-11-21 21:14:11,26.8865,88.0718,282.45,80,1,1.87
525,Jiaohe,CN,2022-11-21 21:14:12,43.7286,127.3447,268.54,91,7,1.14
526,Auki,SB,2022-11-21 21:14:12,-8.7676,160.7034,300.86,72,16,1.83
527,Montlucon,FR,2022-11-21 21:14:13,46.3333,2.6,279.65,91,98,5.41
528,Drovyanaya,RU,2022-11-21 21:14:14,51.5833,113.0333,255.94,98,89,0.84
529,Singaparna,ID,2022-11-21 21:14:14,-7.3515,108.111,294.92,97,100,0.76
530,La Peca,PE,2022-11-21 21:14:15,-5.6111,-78.435,304.08,48,76,2.18
531,Sucre,BO,2022-11-21 21:14:16,-19.0333,-65.2627,288.76,59,89,8.06
532,Izhma,RU,2022-11-21 21:14:16,65.0083,53.9113,252.11,99,100,0.94
533,Nkowakowa,ZA,2022-11-21 21:14:17,-23.8878,30.2871,293.72,61,85,1.14
534,Kulhudhuffushi,MV,2022-11-21 21:14:17,6.6221,73.07,300.58,61,61,4.73
535,Vallenar,CL,2022-11-21 21:14:18,-28.5708,-70.7581,299.31,39,0,4.07
536,Leh,IN,2022-11-21 21:14:19,34.1667,77.5833,261.98,62,34,1.26
537,Ilulissat,GL,2022-11-21 21:14:19,69.2167,-51.1,264.16,79,40,0.51
538,Nurota,UZ,2022-11-21 21:14:20,40.5614,65.6886,283.78,64,100,4.5
539,Golynki,RU,2022-11-21 21:14:20,54.8696,31.3861,270.05,96,100,4.58
540,Wajir,KE,2022-11-21 21:14:21,1.7471,40.0573,298.82,70,88,5.28
541,Tual,ID,2022-11-21 21:14:22,-5.6667,132.75,302.32,71,100,3.31
542,Grand Gaube,MU,2022-11-21 21:14:22,-20.0064,57.6608,296.69,73,4,4.02
543,Havre-Saint-Pierre,CA,2022-11-21 21:14:23,50.2334,-63.5986,269.03,71,49,6.31
544,Junagarh,IN,2022-11-21 21:14:24,19.8667,82.9333,291.78,66,57,0.36
545,Shuangcheng,CN,2022-11-21 21:14:24,45.35,126.2833,264.77,67,1,2.09
546,Bandraboua,YT,2022-11-21 21:14:25,-12.7044,45.1223,298.97,76,4,1.85
547,Pangnirtung,CA,2022-11-21 21:14:26,66.1451,-65.7125,255.83,63,99,3.1
548,Kaniama,CD,2022-11-21 21:14:26,-7.5667,24.1833,292.18,99,100,1.42
549,Manzil Salim,TN,2022-11-21 21:14:27,35.8567,8.4765,283.99,46,67,3.25
550,Langsa,ID,2022-11-21 21:14:27,4.4683,97.9683,296.82,97,100,1.05
551,Tommot,RU,2022-11-21 21:15:28,58.9564,126.2925,244.38,99,100,0.53
552,Dubna,RU,2022-11-21 21:15:29,56.7333,37.1667,266.42,96,92,3.21
553,Watertown,US,2022-11-21 21:15:12,42.3709,-71.1828,276.67,50,0,8.23
554,Dwarka,IN,2022-11-21 21:15:30,22.2394,68.9678,298.21,57,2,2.24
555,Kamina,CD,2022-11-21 21:15:31,-8.7386,24.9906,290.36,98,100,0.6
556,Reconquista,AR,2022-11-21 21:15:32,-29.15,-59.65,290.29,94,100,5.31
557,Casino,AU,2022-11-21 21:15:32,-28.8667,153.05,294.58,30,93,3.53
558,Coari,BR,2022-11-21 21:15:33,-4.085,-63.1414,303.31,60,96,0.53
559,Namibe,AO,2022-11-21 21:15:34,-15.1961,12.1522,295.69,83,78,2.24
560,Atikokan,CA,2022-11-21 21:15:34,48.7555,-91.6216,268.62,77,100,2.63
561,Gizo,SB,2022-11-21 21:15:35,-8.103,156.8419,301.75,72,82,3.28
562,Chornyanka,UA,2022-11-21 21:15:35,46.6522,33.359,287.7,76,55,10.19
563,Icatu,BR,2022-11-21 21:11:19,-2.7758,-44.0658,302.39,85,99,3.24
564,Sobolevo,RU,2022-11-21 21:15:36,54.4299,31.8996,270.32,97,100,5.3
565,Santa Cruz,BO,2022-11-21 21:15:37,-17.8,-63.1667,303.18,58,75,4.12
566,Muros,ES,2022-11-21 21:15:37,42.7762,-9.0603,282.09,89,74,7.77
567,Chartres,FR,2022-11-21 21:15:38,48.4167,1.5,278.17,88,48,2.68
568,Manzhouli,CN,2022-11-21 21:15:38,49.6,117.4333,256.02,95,100,1.47
569,Kostomuksha,RU,2022-11-21 21:15:23,64.571,30.5767,262.66,98,62,0.86
570,Roald,NO,2022-11-21 21:15:39,62.5833,6.1333,276.23,38,0,6.69
571,Tilichiki,RU,2022-11-21 21:15:40,60.4667,166.1,257.53,98,100,4.35
572,Pavilosta,LV,2022-11-21 21:15:40,56.8879,21.1859,271.1,78,100,6.09
573,Puerto Lempira,HN,2022-11-21 21:15:41,15.2667,-83.7667,301.23,78,75,2.57
574,Esperance,AU,2022-11-21 21:15:42,-33.8667,121.9,284.32,80,0,4.76
575,Makurdi,NG,2022-11-21 21:15:42,7.7411,8.5121,300.06,37,82,1.21
576,Ambon,ID,2022-11-21 21:15:43,-3.6954,128.1814,298.23,94,20,3.09
577,Neryungri,RU,2022-11-21 21:11:14,56.6709,124.6491,242.37,100,91,0.48
578,Plettenberg Bay,ZA,2022-11-21 21:15:44,-34.0527,23.3716,290.21,81,100,1.51
579,Inhambane,MZ,2022-11-21 21:15:44,-23.865,35.3833,294.86,62,0,3.85
580,Xining,CN,2022-11-21 21:15:45,36.6167,101.7667,272.14,83,94,0.95
581,Mandera,KE,2022-11-21 21:15:45,3.9366,41.867,299.37,68,56,4.32
582,Trairi,BR,2022-11-21 21:14:33,-3.2778,-39.2689,299.71,77,94,6.03
583,Ravar,IR,2022-11-21 21:15:46,31.2656,56.8055,284.63,34,0,1.49
584,Pucallpa,PE,2022-11-21 21:15:47,-8.3791,-74.5539,305.17,58,40,2.06
585,Aklavik,CA,2022-11-21 21:15:48,68.2191,-135.0107,257.42,99,90,1.45
